ShowtimeID,CinemaID,Timing
1,AA1,2.01911E+11
2,AA2,2.01911E+11
3,AA1,2.01911E+11
4,BB1,2.01911E+11
5,CC3,20191108140
